{"accuracy": [0.658920407295227, 0.7233416438102722, 0.7596705555915833, 0.7880570888519287, 0.8117370009422302, 0.8252684473991394, 0.8399764895439148, 0.8570377826690674, 0.8590969443321228, 0.8686571717262268, 0.8767465949058533, 0.8842476606369019, 0.8945432901382446, 0.8986615538597107, 0.9026327133178711, 0.9093984365463257, 0.9133695960044861, 0.9224886298179626, 0.9217532277107239, 0.9304309487342834], "loss": [0.7732609510421753, 0.6457152366638184, 0.5821154117584229, 0.5238302946090698, 0.4847540855407715, 0.4487845003604889, 0.42219221591949463, 0.38754895329475403, 0.37285810708999634, 0.35066142678260803, 0.33509519696235657, 0.321296364068985, 0.2994968295097351, 0.28751829266548157, 0.2737290561199188, 0.2634686231613159, 0.2542417347431183, 0.23665887117385864, 0.23377323150634766, 0.21567045152187347], "top_k_accuracy": [0.8827768564224243, 0.9163112044334412, 0.9323430061340332, 0.9398440718650818, 0.9505809545516968, 0.9595528841018677, 0.9614649415016174, 0.9673481583595276, 0.9704368114471436, 0.9735255241394043, 0.976614236831665, 0.9755846261978149, 0.9792616367340088, 0.9813207983970642, 0.9833799004554749, 0.9839682579040527, 0.9854390621185303, 0.9885277152061462, 0.9857332110404968, 0.9872040152549744], "val_accuracy": [0.6607142686843872, 0.6830357313156128, 0.6875, 0.7410714030265808, 0.7232142686843872, 0.7366071343421936, 0.7678571343421936, 0.7901785969734192, 0.7589285969734192, 0.7767857313156128, 0.7633928656578064, 0.8169642686843872, 0.8348214030265808, 0.7946428656578064, 0.78125, 0.8035714030265808, 0.8214285969734192, 0.7991071343421936, 0.8080357313156128, 0.7991071343421936], "val_loss": [0.796131432056427, 0.7360003590583801, 0.7049201726913452, 0.6401306390762329, 0.6430806517601013, 0.5974419713020325, 0.5400251150131226, 0.4888398349285126, 0.5294185280799866, 0.5627151727676392, 0.5656863451004028, 0.4930702745914459, 0.48263314366340637, 0.47919970750808716, 0.545934796333313, 0.4910343587398529, 0.4828154146671295, 0.4911372661590576, 0.5090472102165222, 0.5306015014648438], "val_top_k_accuracy": [0.8392857313156128, 0.8928571343421936, 0.8883928656578064, 0.9017857313156128, 0.9017857313156128, 0.9285714030265808, 0.9196428656578064, 0.9464285969734192, 0.9285714030265808, 0.9285714030265808, 0.9196428656578064, 0.9375, 0.9285714030265808, 0.9508928656578064, 0.9241071343421936, 0.9375, 0.9464285969734192, 0.9419642686843872, 0.9330357313156128, 0.9241071343421936]}