{"accuracy": [0.42668038606643677, 0.4852184057235718, 0.5163994431495667, 0.5617002248764038, 0.5828798413276672, 0.613472580909729, 0.6558317542076111, 0.6845124363899231, 0.7076040506362915, 0.7318723201751709, 0.7526106834411621, 0.7640829682350159, 0.7842329740524292, 0.8104133009910583, 0.8262979984283447, 0.8513016700744629, 0.8592439889907837, 0.8777761459350586, 0.8992499113082886, 0.9046918749809265, 0.8885130286216736, 0.9138108491897583, 0.9341079592704773, 0.934255063533783, 0.9419032335281372, 0.9499926567077637, 0.9480805993080139, 0.9517576098442078, 0.9505809545516968, 0.9579349756240845, 0.955287516117096, 0.9546992182731628, 0.9608765840530396, 0.9571995735168457, 0.9636711478233337, 0.9601411819458008, 0.9610236883163452, 0.9686718583106995, 0.9635240435600281, 0.9627886414527893, 0.9648477435112, 0.9641123414039612, 0.9670539498329163, 0.9719076156616211, 0.9685247540473938, 0.9683777093887329, 0.9760258793830872, 0.9705839157104492, 0.9673481583595276, 0.9649948477745056, 0.970142662525177, 0.9705839157104492, 0.9749963283538818, 0.9717605710029602, 0.9772025346755981, 0.9751434326171875, 0.976614236831665, 0.9782320857048035, 0.9704368114471436, 0.9747021794319153], "loss": [1.457200050354004, 1.0800310373306274, 1.0005605220794678, 0.927621603012085, 0.8922816514968872, 0.8409412503242493, 0.7702282071113586, 0.7143508791923523, 0.6669970750808716, 0.6390160918235779, 0.5752595663070679, 0.5515052080154419, 0.5081138610839844, 0.4700184464454651, 0.43164700269699097, 0.3706134855747223, 0.35056614875793457, 0.30729204416275024, 0.26387515664100647, 0.25040769577026367, 0.28383514285087585, 0.22148217260837555, 0.17045336961746216, 0.1711145043373108, 0.16075611114501953, 0.13070257008075714, 0.13712307810783386, 0.12703470885753632, 0.12279379367828369, 0.10670997202396393, 0.11313144862651825, 0.11361654102802277, 0.10184413194656372, 0.11565002053976059, 0.08866873383522034, 0.0966104045510292, 0.09928269684314728, 0.08441563695669174, 0.09649229049682617, 0.09198535978794098, 0.08676320314407349, 0.08538438379764557, 0.0784125030040741, 0.07327605038881302, 0.07687771320343018, 0.07160351425409317, 0.0621652714908123, 0.07287708669900894, 0.07982044667005539, 0.08785319328308105, 0.07689105719327927, 0.07576140761375427, 0.05943872034549713, 0.06882403045892715, 0.05080205947160721, 0.06649643927812576, 0.058286651968955994, 0.05053737759590149, 0.07193060964345932, 0.06106472387909889], "top_k_accuracy": [0.7368730902671814, 0.7796734571456909, 0.8001176714897156, 0.8212972283363342, 0.8374760746955872, 0.8582144379615784, 0.873363733291626, 0.8967494964599609, 0.9036623239517212, 0.9083688855171204, 0.9217532277107239, 0.9257243871688843, 0.9395499229431152, 0.9483747482299805, 0.9513163566589355, 0.961759090423584, 0.9663185477256775, 0.9726430177688599, 0.9792616367340088, 0.9802912473678589, 0.9770554304122925, 0.9848507046699524, 0.9873510599136353, 0.989263117313385, 0.9907339215278625, 0.9930872321128845, 0.9922047257423401, 0.9938226342201233, 0.9935284852981567, 0.9944109320640564, 0.9941167831420898, 0.9952934384346008, 0.9954404830932617, 0.9945580363273621, 0.995734691619873, 0.9955875873565674, 0.9952934384346008, 0.9960288405418396, 0.9954404830932617, 0.9954404830932617, 0.9958817362785339, 0.9964700937271118, 0.9970583915710449, 0.997646689414978, 0.9966171383857727, 0.9964700937271118, 0.997646689414978, 0.9961758852005005, 0.9973525404930115, 0.9960288405418396, 0.9967642426490784, 0.9973525404930115, 0.9983820915222168, 0.9958817362785339, 0.9985291957855225, 0.9973525404930115, 0.9973525404930115, 0.9983820915222168, 0.997646689414978, 0.9973525404930115], "val_accuracy": [0.4508928656578064, 0.4821428656578064, 0.5044642686843872, 0.4464285671710968, 0.4241071343421936, 0.5669642686843872, 0.5133928656578064, 0.5357142686843872, 0.6205357313156128, 0.6428571343421936, 0.6919642686843872, 0.5133928656578064, 0.7142857313156128, 0.6785714030265808, 0.6294642686843872, 0.6696428656578064, 0.5714285969734192, 0.6339285969734192, 0.7098214030265808, 0.7142857313156128, 0.7410714030265808, 0.7767857313156128, 0.7633928656578064, 0.7633928656578064, 0.7410714030265808, 0.7678571343421936, 0.7276785969734192, 0.71875, 0.7589285969734192, 0.8125, 0.7232142686843872, 0.7767857313156128, 0.6830357313156128, 0.7544642686843872, 0.7946428656578064, 0.6919642686843872, 0.7991071343421936, 0.7008928656578064, 0.7366071343421936, 0.7723214030265808, 0.6830357313156128, 0.7723214030265808, 0.6964285969734192, 0.7455357313156128, 0.5714285969734192, 0.7901785969734192, 0.71875, 0.7946428656578064, 0.7053571343421936, 0.7857142686843872, 0.7589285969734192, 0.6875, 0.75, 0.7410714030265808, 0.7946428656578064, 0.7142857313156128, 0.7455357313156128, 0.84375, 0.7991071343421936, 0.7142857313156128], "val_loss": [1.4361457824707031, 1.1043599843978882, 1.247507095336914, 1.1087971925735474, 1.1414945125579834, 1.1321874856948853, 1.3314870595932007, 2.2419705390930176, 0.9811357259750366, 0.8281627893447876, 0.7748181223869324, 1.0491997003555298, 0.7652586698532104, 0.8744052052497864, 1.8013523817062378, 0.8753142356872559, 0.894297182559967, 1.3896217346191406, 1.1723684072494507, 1.0623451471328735, 0.9081897735595703, 0.7153805494308472, 0.8934422731399536, 1.624207854270935, 0.8690425157546997, 0.8200737833976746, 1.0009911060333252, 1.1721174716949463, 1.0258886814117432, 1.0462634563446045, 1.0211493968963623, 0.9858294725418091, 0.9832848906517029, 0.9705929160118103, 0.9522246718406677, 1.8573954105377197, 0.7968435287475586, 0.9643958210945129, 1.1631929874420166, 0.9975910186767578, 1.2892595529556274, 1.0968523025512695, 0.9860095977783203, 1.1605266332626343, 1.7283982038497925, 1.0311375856399536, 1.60507333278656, 1.123813271522522, 1.7243093252182007, 1.1223182678222656, 1.2978060245513916, 1.1528427600860596, 1.3902616500854492, 1.118370771408081, 1.0497076511383057, 1.4288963079452515, 0.8528984785079956, 0.695343554019928, 0.7523897290229797, 1.2411434650421143], "val_top_k_accuracy": [0.75, 0.75, 0.75, 0.7633928656578064, 0.7098214030265808, 0.8392857313156128, 0.7991071343421936, 0.8169642686843872, 0.8705357313156128, 0.8526785969734192, 0.8705357313156128, 0.8482142686843872, 0.8571428656578064, 0.8973214030265808, 0.8392857313156128, 0.8928571343421936, 0.8392857313156128, 0.9017857313156128, 0.8660714030265808, 0.8883928656578064, 0.90625, 0.9241071343421936, 0.9017857313156128, 0.9151785969734192, 0.9196428656578064, 0.9151785969734192, 0.9241071343421936, 0.8973214030265808, 0.9151785969734192, 0.9017857313156128, 0.8973214030265808, 0.9330357313156128, 0.8571428656578064, 0.9196428656578064, 0.9241071343421936, 0.8973214030265808, 0.9241071343421936, 0.8794642686843872, 0.90625, 0.9285714030265808, 0.8616071343421936, 0.9196428656578064, 0.875, 0.8928571343421936, 0.8660714030265808, 0.9330357313156128, 0.875, 0.9285714030265808, 0.9151785969734192, 0.9285714030265808, 0.90625, 0.8705357313156128, 0.9107142686843872, 0.9419642686843872, 0.9464285969734192, 0.9017857313156128, 0.9241071343421936, 0.9553571343421936, 0.9330357313156128, 0.8839285969734192]}